ID;PARENT_ID;UA;RU;
1;;Допомога;Взаимопомощь;
2;1;Потрібна допомога;Нужна помощь;
;2;Ліки та Гігієнічні засоби;Лекарства и Гигиенические средства;
;2;Житло;Жилье;
;2;Транспорт;Транспорт;
;2;Для дітей;Для детей;
;2;Одяг та взуття;Одежда и обувь;
;2;Для тварин;Для животных;
;2;Медична допомога;Медицинская помощь;
;2;Їжа / Продукти;Еда / Продукты;
;2;Інше;Другое;
12;1;Пропоную допомогу;Предлагаю помощь;
;12;Ліки та Гігієнічні засоби;Лекарства и Гигиенические средства;
;12;Житло;Жилье;
;12;Транспорт;Транспорт;
;12;Для дітей;Для детей;
;12;Одяг та взуття;Одежда и обувь;
;12;Для тварин;Для животных;
;12;Медична допомога;Медицинская помощь;
;12;Їжа / Продукти;Еда / Продукты;
;12;Інше;Другое;
22;;Дитячий світ;Детский мир;
23;22;Дитячий одяг;Детская одежда;
;23;Одяг для хлопчиків;Одежда для мальчиков;
;23;Одяг для дівчаток;Одежда для девочек;
26;23;Одяг для новонароджених;Одежда для новорожденных;
27;22;Дитяче взуття;Детская обувь;
28;22;Дитячі коляски;Детские коляски;
29;22;Дитячі автокрісла;Детские автокресла;
30;22;Дитячі меблі;Детская мебель;
31;22;Іграшки;Игрушки;
;31;Конструктори;Конструкторы;
;31;Ляльки та пупси;Куклы и пупсы;
;31;Аксесуари для ляльок та пупсів;Аксессуары для кукол и пупсов;
;31;Розвиваючі іграшки;Развивающие игрушки;
;31;М'які іграшки;Мягкие игрушки;
;31;Настільні ігри та пазли;Настольные игры и пазлы;
;31;Брязкальця та підвіски;Погремушки и подвески;
;31;Іграшки для купання;Игрушки для купания;
;31;Іграшкова зброя;Игрушечное оружие;
;31;Ігрові фігурки;Игровые фигурки;
;31;Іграшковий транспорт;Игрушечный транспорт;
;31;Набори для творчості;Наборы для творчества;
;31;Ігрові набори;Игровые наборы;
;31;Іграшки для пісочниці;Игрушки для песочницы;
;31;Дитячі м'ячі;Детские мячи;
;31;Дитячі маски;Детские маски;
;31;Інші іграшки для дітей;Другие игрушки для детей;
49;22;Дитячий транспорт;Детский транспорт;
50;22;Годування;Товары для кормления;
51;22;Товари для школярів;Товары для школьников;
52;22;Інші дитячі товари;Прочие детские товары;
53;;Нерухомість;Недвижимость;
54;53;Квартири;Квартиры;
;54;Продаж квартир;Продажа квартир;
;54;Довгострокова оренда квартир;Долгосрочная аренда квартир;
57;53;Кімнати;Комнаты;
;57;Продаж кімнат;Продажа комнат;
;57;Довгострокова оренда кімнат;Долгосрочная аренда комнат;
60;53;Будинки;Дома;
;60;Довгострокова оренда будинків;Долгосрочная аренда домов;
;60;Продаж будинків;Продажа домов;
63;53;Подобова оренда житла;Посуточная аренда жилья;
;63;Будинки подобово, погодинно;Дома посуточно, почасово;
;63;Квартири подобово, погодинно;Квартиры посуточно, почасово;
;63;Кімнати подобово, погодинно;Комнаты посуточно, почасово;
;63;Готелі, бази відпочинку;Отели, базы отдыха;
;63;Хостели, койко-місця;Хостелы, койко-места;
;63;Пропозиції Туроператорів;Предложения Туроператоров;
70;53;Земля;Земля;
;70;Оренда землі;Аренда земли;
;70;Продаж землі;Продажа земли;
73;53;Комерційна нерухомість;Коммерческая недвижимость;
;73;Продаж комерційної нерухомості;Продажа коммерческой недвижимости;
;73;Оренда комерційної нерухомості;Аренда коммерческой недвижимости;
76;73;Коворкінги;Коворкинги;
77;53;Гаражі, парковки;Гаражи, парковки;
;77;Оренда гаражів, парковок;Аренда гаражей, парковок;
;77;Продаж гаражів, парковок;Продажа гаражей, парковок;
;77;Нерухомість за кордоном;Недвижимость за рубежом;
81;;Авто;Авто;
82;81;Легкові автомобілі;Легковые автомобили;
;82;Acura;Acura;
;82;Alfa Romeo;Alfa Romeo;
;82;Aston Martin;Aston Martin;
;82;Audi;Audi;
;82;Bentley;Bentley;
;82;BMW;BMW;
;82;BMW-Alpina;BMW-Alpina;
;82;Brilliance;Brilliance;
;82;Buick;Buick;
;82;BYD;BYD;
;82;Cadillac;Cadillac;
;82;Chana;Chana;
;82;Chery;Chery;
;82;Chevrolet;Chevrolet;
;82;Chrysler;Chrysler;
;82;Citroen;Citroen;
;82;Dacia;Dacia;
;82;Dadi;Dadi;
;82;Daewoo;Daewoo;
;82;Daihatsu;Daihatsu;
;82;Dodge;Dodge;
;82;FAW;FAW;
;82;Ferrari;Ferrari;
;82;Fiat;Fiat;
;82;Ford;Ford;
;82;Geely;Geely;
;82;GMC;GMC;
;82;Great Wall;Great Wall;
;82;Groz;Groz;
;82;Honda;Honda;
;82;Hummer;Hummer;
;82;Hyundai;Hyundai;
;82;Infiniti;Infiniti;
;82;Isuzu;Isuzu;
;82;Iveco;Iveco;
;82;JAC;JAC;
;82;Jaguar;Jaguar;
;82;Jeep;Jeep;
;82;Kia;Kia;
;82;Lamborghini;Lamborghini;
;82;Lancia;Lancia;
;82;Land Rover;Land Rover;
;82;Lexus;Lexus;
;82;Lifan;Lifan;
;82;Lincoln;Lincoln;
;82;Lotus;Lotus;
;82;Maserati;Maserati;
;82;Maybach;Maybach;
;82;Mazda;Mazda;
;82;McLaren;McLaren;
;82;Mercedes-Benz;Mercedes-Benz;
;82;Mercury;Mercury;
;82;MG;MG;
;82;MINI;MINI;
;82;Mitsubishi;Mitsubishi;
;82;Nissan;Nissan;
;82;Oldsmobile;Oldsmobile;
;82;Opel;Opel;
;82;Peugeot;Peugeot;
;82;Pontiac;Pontiac;
;82;Porsche;Porsche;
;82;Proton;Proton;
;82;Ram;Ram;
;82;Ravon;Ravon;
;82;Renault;Renault;
;82;Rolls-Royce;Rolls-Royce;
;82;Roewe;Roewe;
;82;Rover;Rover;
;82;Saab;Saab;
;82;Samand;Samand;
;82;Samsung;Samsung;
;82;Seat;Seat;
;82;Shelby;Shelby;
;82;Skoda;Skoda;
;82;Smart;Smart;
;82;SsangYong;SsangYong;
;82;Subaru;Subaru;
;82;Suzuki;Suzuki;
;82;TATA;TATA;
;82;Tesla;Tesla;
;82;Toyota;Toyota;
;82;Volkswagen;Volkswagen;
;82;Volvo;Volvo;
;82;Wartburg;Wartburg;
;82;ZX;ZX;
;82;Богдан;Богдан;
;82;ВАЗ;ВАЗ;
;82;ГАЗ;ГАЗ;
;82;ЗАЗ;ЗАЗ;
;82;ИЖ;ИЖ;
;82;ЛуАЗ;ЛуАЗ;
;82;Москвич / АЗЛК;Москвич / АЗЛК;
;82;РАФ;РАФ;
;82;УАЗ;УАЗ;
;82;Інші;Другие;
178;81;Вантажні автомобілі;Грузовые автомобили;
179;81;Автобуси;Автобусы;
180;81;Мото;Мото;
;180;Мотоцикли;Мотоциклы;
;180;Мопеди / скутери;Мопеды / скутеры;
;180;Квадроцикли;Квадроциклы;
;180;Електросамокати / гіроскутери;Электросамокаты / гироскутеры;
;180;Електроскутери;Электроскутеры;
;180;Максі-скутер;Макси-Скутер;
;180;Електромотоцикли;Электромотоциклы;
;180;Електроквадрацикли;Электроквадроциклы;
;180;Баггі;Багги;
;180;Картинг;Картинг;
;180;Снігохід;Снегоход;
;180;Мото - інше;Мото - прочее;
193;81;Спецтехніка;Спецтехника;
;193;Бульдозери / трактори;Бульдозеры / тракторы;
;193;Комунальна техніка;Коммунальная техника;
;193;Навантажувачі;Погрузчики;
;193;Самоскиди;Самосвалы;
;193;Будівельна техніка;Строительная техника;
;193;Екскаватори;Экскаваторы;
;193;Автовишки;Автовышки;
;193;Мінінавантажувач;Минипогрузчик;
;193;Бетонозмішувачі (міксери);Бетоносмесители (миксеры);
;193;Бетононасоси;Бетононасосы;
;193;Бурова установка;Буровая установка;
;193;Сміттєвоз;Мусоровоз;
;193;Лісозаготівельна техніка;Лесозаготовительная техника;
;193;Машина асенізатор (вакуумна);Машина ассенизатор (вакуумная);
;193;Автокрани та маніпулятори;Автокраны и манипуляторы;
;193;Автогрейдер;Автогрейдер;
;193;Асфальтоукладач;Асфальтоукладчик;
;193;Дорожній каток;Дорожный каток;
;193;Всюдиходи;Вездеходы;
;193;Обладнання для спецтехніки;Оборудование для спецтехники;
;193;Інша спецтехніка;Прочая спецтехника;
215;81;Сільгосптехніка;Сельхозтехника;
;215;Трактор сільськогосподарський;Трактор сельскохозяйственный;
;215;Мотоблок;Мотоблок;
;215;Мотокультиватор;Мотокультиватор;
;215;Міні-трактор;Мини-трактор;
;215;Комбайн;Комбайн;
;215;Навісне та додаткове обладнання;Навесное и дополнительное оборудование;
;215;Інша сільгосптехніка;Другая сельхозтехника;
223;81;Водний транспорт;Водный транспорт;
;223;Яхта;Яхта;
;223;Катер;Катер;
;223;Моторний човен;Моторная лодка;
;223;Катамаран;Катамаран;
;223;Гребний човен;Гребная лодка;
;223;Гідроцикл;Гидроцикл;
;223;Каяк;Каяк;
;223;Інший водний транспорт;Другой водный транспорт;
232;81;Автомобілі з Польщі;Автомобили из Польши;
;232;Aixam;Aixam;
;232;Alfa Romeo;Alfa Romeo;
;232;Audi;Audi;
;232;BMW;BMW;
;232;Cadillac;Cadillac;
;232;Chevrolet;Chevrolet;
;232;Chrysler;Chrysler;
;232;Citroen;Citroen;
;232;Dacia;Dacia;
;232;Daewoo;Daewoo;
;232;Daihatsu;Daihatsu;
;232;Dodge;Dodge;
;232;Fiat;Fiat;
;232;Ford;Ford;
;232;Honda;Honda;
;232;Hyundai;Hyundai;
;232;Infiniti;Infiniti;
;232;Jaguar;Jaguar;
;232;Jeep;Jeep;
;232;Kia;Kia;
;232;Lancia;Lancia;
;232;Land Rover;Land Rover;
;232;Lexus;Lexus;
;232;Mazda;Mazda;
;232;Mercedes-Benz;Mercedes-Benz;
;232;Mini;Mini;
;232;Mitsubishi;Mitsubishi;
;232;Nissan;Nissan;
;232;Opel;Opel;
;232;Peugeot;Peugeot;
;232;Polonez;Polonez;
;232;Porsche;Porsche;
;232;Renault;Renault;
;232;Rover;Rover;
;232;Saab;Saab;
;232;Seat;Seat;
;232;Skoda;Skoda;
;232;Smart;Smart;
;232;SsangYong;SsangYong;
;232;Subaru;Subaru;
;232;Suzuki;Suzuki;
;232;Toyota;Toyota;
;232;Volkswagen;Volkswagen;
;232;Volvo;Volvo;
;232;Pozostale osobowe;Pozostale osobowe;
278;81;Причепи / будинки на колесах;Прицепы / дома на колесах;
;278;Легковий причіп;Легковой прицеп;
;278;Лафет;Лафет;
;278;Напівпричіп;Полуприцеп;
;278;Бортовий напівпричіп;Бортовой полуприцеп;
;278;Вантажний причіп;Грузовой прицеп;
;278;Причіп контейнеровоз;Прицеп контейнеровоз;
;278;Причіп зерновоз;Прицеп зерновоз;
;278;Самоскид напівпричіп;Самосвал полуприцеп;
;278;Трал;Трал;
;278;Торговий причіп;Торговый прицеп;
;278;Тракторний причіп;Тракторный прицеп;
;278;Причіп фургон;Прицеп фургон;
;278;Причепи цистерни;Прицепы цистерны;
;278;Автодім;Автодом;
;278;Кемпінг;Кемпинг;
;278;Причіп дача;Прицеп дача;
;278;Інші причепи;Другие прицепы;
296;81;Вантажівки та спецтехніка з Польщі;Грузовики и спецтехника из Польши;
;296;Вантажні автомобілі з Польщі;Грузовые автомобили из Польши;
;296;Причепи з Польщі;Прицепы из Польши;
;296;Сільгосптехніка з Польщі;Сельхозтехника из Польши;
;296;Будівельна техніка з Польщі;Строительная техника из Польши;
301;81;Інший транспорт;Другой транспорт;
;301;Літаки;Самолёты;
;301;Гелікоптери;Вертолёты;
;301;Дельтаплани;Дельтапланы;
;301;Карети;Кареты;
;301;Залізничні тепловози;ЖД тепловозы;
;301;Залізничні вагони;ЖД вагоны;
;301;Інші види транспорту;Другие виды транспорта;
309;;Запчастини для транспорту;Запчасти для транспорта;
310;309;Автозапчастини;Автозапчасти;
;310;Двигун;Двигатель;
;310;Вихлопна система;Выхлопная система;
;310;Трансмісія / КПП та АКПП;Трансмиссия / КПП и АКПП;
;310;Кермове управління;Рулевое управление;
;310;Ходова частина / підвіска;Ходовая часть / подвеска;
;310;Паливна система;Топливная система;
;310;Гальмівна система;Тормозная система;
;310;Кузовні запчастини;Кузовные запчасти;
;310;Деталі салону;Детали салона;
;310;Кондиціонер, обігрівач, вентиляція;Кондиционер, отопитель, вентиляция;
;310;Система подачі повітря;Система подачи воздуха;
;310;Система запалювання;Система зажигания;
;310;Система очищення вікон та фар;Система очистки окон и фар;
;310;Фари та освітлення;Фары и освещение;
;310;Електрообладнання;Электрооборудование;
;310;Фільтри;Фильтры;
;310;Автоскло;Автостекла;
;310;ГБО;ГБО;
;310;Інші види запчастин;Другие виды запчастей;
330;309;Аксесуари для авто;Аксессуары для авто;
;330;Авто інструменти, набори ключів;Авто инструменты, наборы ключей;
;330;Автоковрики;Автокилимки;
;330;Автомобільний органайзер;Органайзеры автомобильные;
;330;Автонасоси, компресори, манометри;Авто насосы, компрессоры, манометры;
;330;Автоподушки;Подушки в автомобиль;
;330;Автосигналізації, блокувачі;Автосигнализации, блокираторы;
;330;Автохолодильники;Автохолодильники;
;330;Автошторки;Автошторки;
;330;Ароматизатори, озонатори;Ароматизаторы, озонаторы;
;330;Багажники;Багажники;
;330;Бризковики;Брызговики;
;330;Вентилятор в авто;Вентиляторы автомобильные;
;330;Вогнегасник, аптечка, аварійка;Огнетушитель, аптечка, аварийка;
;330;Декоративна підсвітка авто;Декоративная подсветка авто;
;330;Для тюнінгу;Для тюнинга;
;330;Дефлектори;Дефлекторы;
;330;Домкрати;Домкраты;
;330;Елементи кріплення;Крепежные элементы;
;330;Каністри;Канистры;
;330;Ланцюги, браслети протиковзання;Цепи, браслеты противоскольжения;
;330;Лебідки;Лебедки;
;330;Наклейки, емблеми, значки;Наклейки, эмблемы, значки;
;330;Насадки на глушник;Насадки глушителя;
;330;Підігрів сидінь та автомасажери;Подогрев сидений и автомассажеры;
;330;Підставки та тримачі;Держатели и подставки;
;330;Повітрозабірники;Воздухозаборники;
;330;Пороги та накладки;Пороги и накладки;
;330;Пускові та зарядні пристрої;Пусковые и зарядные устройства;
;330;Рамки номерного знаку;Рамки номерного знака;
;330;Салонний годинник, прилади, БК;Салонные часы, приборы, БК;
;330;Тонування та сонцезахист;Тонировка и солнцезащита;
;330;Фаркопи;Фаркопы;
;330;Чохли, тенти, накидки;Чехлы, тенты, накидки;
;330;Шумоізоляція;Шумоизоляция;
;330;Щітки та скребки;Щетки и скребки;
;330;Інші автоаксесуари;Прочие автоаксессуары;
367;309;Автозвук та мультимедіа;Автозвук и мультимедиа;
;367;Автомагнітоли;Магнитолы;
;367;Колонки / сабвуфери;Колонки / сабвуферы;
;367;Підсилювачі;Усилители;
;367;Антени для авто;Антенны для авто;
;367;FM-трансмітери;FM-трансмиттеры;
;367;Кабелі, адаптери, запобіжники;Кабели, адаптеры, предохранители;
;367;DVD, TV, інша мультимедіа;DVD, TV, другая мультимедиа;
;367;Інші компоненти;Прочие компоненты;
376;309;Шини, диски і колеса;Шины, диски и колёса;
;376;Автошини;Автошины;
;376;Диски;Диски;
;376;Колеса в зборі;Колеса в сборе;
;376;Ковпаки;Колпаки;
;376;Мотошини;Мотошины;
;376;Мото диски та колеса;Мото диски и колеса;
383;309;GPS-навігатори / відеореєстратори;GPS-навигаторы / видеорегистраторы;
;383;GPS-навігатори;GPS-навигаторы;
;383;Навігаційні карти та GPS-аксесуари;Навигационные карты и GPS-аксессуары;
;383;Відеореєстратори;Видеорегистраторы;
387;309;Транспорт на запчастини / авторозбірки;Транспорт на запчасти / авторазборки;
;387;Acura;Acura;
;387;Audi;Audi;
;387;BMW;BMW;
;387;Chevrolet;Chevrolet;
;387;Chrysler;Chrysler;
;387;Citroen;Citroen;
;387;Daewoo;Daewoo;
;387;Dodge;Dodge;
;387;Fiat;Fiat;
;387;Ford;Ford;
;387;Honda;Honda;
;387;Hyundai;Hyundai;
;387;Infiniti;Infiniti;
;387;Jeep;Jeep;
;387;Kia;Kia;
;387;Land Rover;Land Rover;
;387;Lexus;Lexus;
;387;Lincoln;Lincoln;
;387;Mazda;Mazda;
;387;Mercedes-Benz;Mercedes-Benz;
;387;Mitsubishi;Mitsubishi;
;387;Nissan;Nissan;
;387;Opel;Opel;
;387;Peugeot;Peugeot;
;387;Porsche;Porsche;
;387;Renault;Renault;
;387;Rover;Rover;
;387;Seat;Seat;
;387;Skoda;Skoda;
;387;Subaru;Subaru;
;387;Suzuki;Suzuki;
;387;Toyota;Toyota;
;387;Volkswagen;Volkswagen;
;387;Volvo;Volvo;
;387;ВАЗ;ВАЗ;
;387;ГАЗ;ГАЗ;
;387;ЗАЗ;ЗАЗ;
;387;ИЖ;ИЖ;
;387;Москвич;Москвич;
;387;Інший бренд;Другой бренд;
428;309;Мотозапчастини;Мотозапчасти;
;428;Акумулятори;Аккумуляторы;
;428;Амортизатори та підвіска;Амортизаторы и подвеска;
;428;Варіатори та редуктори;Вариаторы и редукторы;
;428;Вихлопні системи, прямоструми, глушники;Выхлопные системы, прямотоки, глушители;
;428;Запчастини двигуна;Запчасти двигателя;
;428;Коробка передач;Коробка передач;
;428;Ніжки та педалі;Ножки и рычаги ножного управления;
;428;Освітлення та лампи;Освещение и лампы;
;428;Підшипники;Подшипники;
;428;Привід та ходова;Привод и ходовая;
;428;Рама, кронштейни та маятники;Рама, кронштейны и маятники;
;428;Кермо та управління;Руль и управление;
;428;Сидіння;Сидения;
;428;Система охолодження;Система охлаждения;
;428;Зчеплення;Сцепление;
;428;Паливна система;Топливная система;
;428;Гальмівна система;Тормозная система;
;428;Троси та шланги;Тросы и шланги;
;428;Фільтри;Фильтры;
;428;Ланцюги та зірочки;Цепи и звезды;
;428;Електрика;Электрика;
;428;Інші мотозапчастини;Другие мотозапчасти;
451;309;Мотоекіпірування;Мотоэкипировка;
;451;Мотошоломи;Мотошлемы;
;451;Мотокуртки;Мотокуртки;
;451;Мотоштани;Мотоштаны;
;451;Мотоботи, моточеревики;Мотоботы, мотоботинки;
;451;Мотокомбінезони;Мотокомбинезоны;
;451;Моторукавички;Мотоперчатки;
;451;Мотодощовики, мотобахіли;Мотодождевики, мотобахилы;
;451;Мотозахист;Мотозащита;
;451;Підшоломники;Подшлемники;
;451;Інше мотоекіпірування;Другая мотоэкипировка;
462;309;Мотоаксесуари;Мотоаксессуары;
;462;Бризковики;Брызговики;
;462;Тримач для телефона, планшета;Держатель телефона, планшета;
;462;Інструменти;Инструменты;
;462;Кріплення для номерів на мотоцикл;Крепление номера на мотоцикл;
;462;Дзеркала на мотоцикл;Мотозеркала;
;462;Наклейки на мотоцикл, скутер;Наклейки на мотоцикл, скутер;
;462;Обтічники та вітрове скло;Обтекатели и ветровые стекла;
;462;Відбійники (крашпеди);Отбойники (крашпеды);
;462;Панельні прилади;Панельные приборы;
;462;Переговорні пристрої;Переговорные устройства;
;462;Підніжки;Подножки;
;462;Протиугінні системи;Противоугонные системы;
;462;Стайлінг;Стайлинг;
;462;Стенди та підйомники;Стенды и подъёмники;
;462;Чохли та накидки для мотоцикла;Чехлы и накидки для мотоцикла;
;462;Мотосумки, кофри, рюкзаки;Мотосумки, кофры, рюкзаки;
;462;Інші мотоаксесуари;Другие мотоаксессуары;
480;309;Мастила та автохімія;Масла и автохимия;
;480;Моторні мастила;Моторные масла;
;480;Трансмісійні мастила;Трансмиссионное масло;
;480;Гідравлічні мастила;Гидравлическое масло;
;480;Мастила для мототехніки;Масла для мототехники;
;480;Автокосметика та автохімія;Автокосметика и автохимия;
;480;Інші мастила та рідини;Прочие масла и жидкости;
487;309;Запчастини для іншої техніки;Запчасти для другой техники;
;487;Для вантажівок;Для грузовиков;
;487;Для автобусів;Для автобусов;
;487;Для сільгосптехніки;Для сельхозтехники;
;487;Для спецтехніки;Для спецтехники;
;487;Для водного транспорту;Для водного транспорта;
;487;Для інших видів техніки;Для других видов техники;
494;;Робота;Работа;
495;494;Роздрібна торгівля / продажі / закупки;Розничная торговля / продажи / закупки;
;495;Мерчендайзер;Мерчендайзер;
;495;Менеджер з продажу;Менеджер по продажам;
;495;Продавець;Продавец;
;495;Супервайзер;Супервайзер;
;495;Флорист;Флорист;
;495;Продавець-консультант;Продавец-консультант;
;495;Торговий представник;Торговый представитель;
;495;Менеджер інтернет магазину;Менеджер интернет магазина;
;495;Касир;Кассир;
;495;Менеджер по роботі з клієнтами;Менеджер по работе с клиентами;
;495;Товарознавець;Товаровед;
;495;Керівник відділу продажів;Руководитель отдела продаж;
;495;Менеджер по закупці;Менеджер по закупкам;
;495;Адміністратор;Администратор;
;495;Пекар;Пекарь;
;495;Інше;Другое;
512;494;Логістика / Склад / Доставка;Логистика / Склад / Доставка;
;512;Водій;Водитель;
;512;Вантажник;Грузчик;
;512;Кур'єр;Курьер;
;512;Комірник;Кладовщик;
;512;Диспетчер;Диспетчер;
;512;Експедитор;Экспедитор;
;512;Далекобійник;Дальнобойщик;
;512;Таксист;Таксист;
;512;Інше;Другое;
522;494;Будівництво / облицювальні роботи;Строительство / отделочные работы;
;522;Різноробочий;Разнорабочий;
;522;Муляр;Каменщик;
;522;Плиточник;Плиточник;
;522;Монтажник;Монтажник;
;522;Зварювальник;Сварщик;
;522;Будівельник;Строитель;
;522;Маляр;Маляр;
;522;Виконроб;Прораб;
;522;Сантехнік;Сантехник;
;522;Фасадник;Фасадчик;
;522;Штукатур;Штукатур;
;522;Електрик;Электрик;
;522;Інше;Другое;
536;494;Колл-центри / Телекомунікації;Колл-центры / Телекоммуникации;
;536;Оператор колл-центру;Оператор колл-центра;
;536;Оператор чату;Оператор чата;
;536;Інше;Другое;
540;494;Адміністративний персонал / HR / Секретаріат;Административный персонал / HR / Секретариат;
;540;Адміністратор;Администратор;
;540;Секретар;Секретарь;
;540;Офіс менеджер;Офис менеджер;
;540;HR;HR;
;540;Інше;Другое;
546;494;Охорона / безпека;Охрана / безопасность;
;546;Охоронець;Охранник;
;546;Сторож;Сторож;
;546;Інше;Другое;
550;494;Клінінг / Домашній персонал;Клининг / Домашний персонал;
;550;Доглядальниця;Сиделка;
;550;Прибиральниця;Уборщица;
;550;Двірник;Дворник;
;550;Няня;Няня;
;550;Домробітниця;Домработница;
;550;Інше;Другое;
557;494;Краса / фітнес / спорт;Красота / фитнес / спорт;
;557;Перукар;Парикмахер;
;557;Майстер манікюру;Мастер маникюра;
;557;Адміністратор;Администратор;
;557;Масажист;Массажист;
;557;Косметолог;Косметолог;
;557;Тренер;Тренер;
;557;Інше;Другое;
565;494;Освіта / переклад;Образование / перевод;
;565;Викладач / Вчитель;Преподаватель / Учитель;
;565;Вихователь;Воспитатель;
;565;Репетитор;Репетитор;
;565;Інше;Другое;
570;494;Культура / мистецтво / розваги;Культура / искусство / развлечения;
;570;Фотограф;Фотограф;
;570;Модель;Модель;
;570;Аніматор;Аниматор;
;570;Інше;Другое;
575;494;Медицина / фармацевтика;Медицина / фармацевтика;
;575;Медсестра;Медсестра;
;575;Стоматолог;Стоматолог;
;575;Фармацевт;Фармацевт;
;575;Інше;Другое;
580;494;IT / комп'ютери;IT / компьютеры;
;580;Оператор ПК;Оператор ПК;
;580;Майстер з ремонту;Мастер по ремонту;
;580;Системний адміністратор;Системный администратор;
;580;Інше;Другое;
585;494;Банки / фінанси / страхування / юриспруденція;Банки / финансы / страхование / юриспруденция;
;585;Юрист;Юрист;
;585;Інше;Другое;
588;494;Нерухомість;Недвижимость;
;588;Ріелтор;Риелтор;
;588;Менеджер з продажу;Менеджер по продажам;
;588;Брокер;Брокер;
;588;Інше;Другое;
593;494;Реклама / дизайн / PR;Реклама / дизайн / PR;
;593;Промоутер;Промоутер;
;593;Дизайнер;Дизайнер;
;593;Маркетолог;Маркетолог;
;593;SMM-менеджер;SMM-менеджер;
;593;Контент-менеджер;Контент-менеджер;
;593;Копірайтер;Копирайтер;
;593;Інше;Другое;
601;494;Виробництво / робітничі спеціальності;Производство / рабочие специальности;
;601;Електрик;Электрик;
;601;Столяр;Столяр;
;601;Швачка, кравець;Швея, портной;
;601;Токар;Токарь;
;601;Машиніст екскаватора;Машинист экскаватора;
;601;Конструктор;Конструктор;
;601;Комплектувальник;Комплектовщик;
;601;Складальник меблів;Сборщик мебели;
;601;Різноробочий;Разнорабочий;
;601;Зварювальник;Сварщик;
;601;Складальник;Сборщик;
;601;Слюсар;Слесарь;
;601;Маляр;Маляр;
;601;Пакувальник;Упаковщик;
;601;Монтажник;Монтажник;
;601;Механік;Механик;
;601;Підсобник;Подсобник;
;601;Оператор ЧПУ;Оператор ЧПУ;
;601;Технолог;Технолог;
;601;Інше;Другое;
622;494;Сільське і лісове господарство / агробізнес;Сельское и лесное хозяйство / агробизнес;
;622;Агроном;Агроном;
;622;Тракторист;Тракторист;
;622;Пилорамщик;Пилорамщик;
;622;Інше;Другое;
627;494;Часткова зайнятість;Частичная занятость;
628;494;Початок кар'єри / Студенти;Начало карьеры / Студенты;
629;494;Робота за кордоном;Работа за рубежом;
;629;Різноробочий;Разнорабочий;
;629;Кухар;Повар;
;629;Водій;Водитель;
;629;Няня;Няня;
;629;Доглядальниця;Сиделка;
;629;Зварювальник;Сварщик;
;629;Будівельник;Строитель;
;629;Пакувальник;Упаковщик;
;629;Інше;Другое;
639;494;Бухгалтерія;Бухгалтерия;
;639;Бухгалтер;Бухгалтер;
;639;Аудитор;Аудитор;
642;639;Інше;Другое;
643;494;Готельно-ресторанний бізнес / Туризм;Отельно-ресторанный бизнес / Туризм;
;643;Адміністратор;Администратор;
;643;Покоївка;Горничная;
;643;Менеджер;Менеджер;
;643;Бариста;Бариста;
;643;Кухар;Повар;
;643;Бармен;Бармен;
;643;Офіціант;Официант;
;643;Кондитер;Кондитер;
;643;Пекар;Пекарь;
;643;Помічник кухаря;Помощник повара;
;643;Сушист;Сушист;
;643;Посудомийниця;Посудомойщица;
;643;Піцайоло;Пиццайоло;
;643;Інше;Другое;
658;494;Інші сфери занять;Другие сферы занятий;
659;494;СТО / автомийки;СТО / автомойки;
;659;Автослюсар;Автослесарь;
;659;Мийник;Мойщик;
;659;Механік;Механик;
;659;Автомаляр;Автомаляр;
;659;Автоелектрик;Автоэлектрик;
;659;Рихтувальник;Рихтовщик;
;659;Шиномонтажник;Шиномонтажник;
;659;Інше;Другое;
668;494;Служба в Силах оборони;Служба в Cилах обороны;
669;;Тварини;Животные;
;669;Безкоштовно (тварини і в'язка);Бесплатно (животные и вязка);
;669;Собаки;Собаки;
;669;Коти;Кошки;
;669;Акваріумістика;Аквариумистика;
;669;Пташки;Птицы;
;669;Гризуни;Грызуны;
;669;Рептилії;Рептилии;
;669;Сільгосп тварини;Сельхоз животные;
;669;Інші тварини;Другие животные;
;669;Зоотовари;Зоотовары;
;669;В'язка;Вязка;
;669;Бюро знахідок;Бюро находок;
682;;Дім і сад;Дом и сад;
683;682;Канцтовари / витратні матеріали;Канцтовары / расходные материалы;
684;682;Меблі;Мебель;
;684;Меблі для вітальні;Мебель для гостиной;
;684;Меблі для спальні;Мебель для спальни;
;684;Меблі для передпокою;Мебель для прихожей;
;684;Кухонні меблі;Кухонная мебель;
;684;Меблі для ванної кімнати;Мебель для ванной комнаты;
;684;Офісні меблі;Офисная мебель;
;684;Меблі на замовлення;Мебель на заказ;
692;682;Продукти харчування / напої;Продукты питания / напитки;
693;682;Сад / город;Сад / огород;
694;682;Предмети інтер'єру;Предметы интерьера;
;694;Освітлення;Освещение;
;694;Текстиль;Текстиль;
;694;Декор вікон;Декор окон;
698;682;Будівництво / ремонт;Строительство / ремонт;
;698;Вентиляція;Вентиляция;
;698;Сантехніка;Сантехника;
;698;Опалення;Отопление;
;698;Електрика;Электрика;
;698;Пиломатеріали;Пиломатериалы;
;698;Оздоблювальні та облицювальні матеріали;Отделочные и облицовочные материалы;
;698;Вікна / двері / скло / дзеркала;Окна / двери / стеклo / зеркала;
;698;Лакофарбові матеріали;Лакокрасочные материалы;
;698;Металопрокат / арматура;Металлопрокат / арматура;
;698;Елементи кріплення;Элементы крепежа;
;698;Цегла / бетон / піноблоки;Кирпич / бетон / пеноблоки;
;698;Інші будматеріали;Прочие стройматериалы;
711;682;Інструменти;Инструменты;
;711;Бензоінструмент;Бензоинструмент;
;711;Генератори;Генераторы;
;711;Ручний інструмент;Ручной инструмент;
;711;Електроінструмент;Электроинструмент;
;711;Пневмоінструмент;Пневмоинструмент;
;711;Інший інструмент;Прочий инструмент;
718;682;Кімнатні рослини;Комнатные растения;
719;682;Посуд / кухонне приладдя;Посуда / кухонная утварь;
720;682;Садовий інвентар;Садовый инвентарь;
721;682;Господарський інвентар / побутова хімія;Хозяйственный инвентарь / бытовая химия;
722;682;Інші товари для дому;Прочие товары для дома;
723;;Електроніка;Электроника;
724;723;Телефони та аксесуари;Телефоны и аксессуары;
;724;Запчастини для телефонів;Запчасти для телефонов;
;724;Аксесуари для телефонів;Аксессуары для телефонов;
;724;Мобільні телефони / смартфони;Мобильные телефоны / смартфоны;
;724;Сім-карти / тарифи / номери;Сим-карты / тарифы / номера;
;724;Стаціонарні телефони;Стационарные телефоны;
;724;Рації та інші телефони;Рации и прочие телефоны;
731;723;Комп'ютери та комплектуючі;Компьютеры и комплектующие;
;731;Настільні комп'ютери;Настольные компьютеры;
;731;Сервери;Серверы;
;731;Комплектуючі та аксесуари;Комплектующие и аксессуары;
;731;Периферійні пристрої;Периферийные устройства;
;731;Монітори;Мониторы;
;731;Зовнішні накопичувачі;Внешние накопители;
;731;Витратні матеріали;Расходные материалы;
;731;Інше;Другое;
740;723;Фото / відео;Фото / видео;
;740;Цифрові фотоапарати;Цифровые фотоаппараты;
;740;Відеокамери;Видеокамеры;
;740;Екшн-камери;Экшн-камеры;
;740;Об'єктиви;Объективы;
;740;Штативи / моноподи;Штативы / моноподы;
;740;Фотоспалахи;Фотовспышки;
;740;Аксесуари для фото / відеокамер;Аксессуары для фото / видеокамер;
;740;Телескопи / біноклі;Телескопы / бинокли;
;740;Плівкові фотоапарати;Пленочные фотоаппараты;
750;723;Тв / відеотехніка;Тв / видеотехника;
;750;Медіа програвачі;Медиа проигрыватели;
;750;Телевізори;Телевизоры;
;750;Проектори;Проекторы;
;750;Аксесуари для ТВ/Відеотехніки;Аксессуары для ТВ / видео;
;750;Супутникове ТВ;Спутниковое ТВ;
;750;Інша ТВ / відеотехніка;Прочая ТВ / видеотехника;
757;723;Аудіотехніка;Аудиотехника;
;757;Mp3 плеєри;Mp3 плееры;
;757;Магнітоли;Магнитолы;
;757;Музичні центри;Музыкальные центры;
;757;Акустичні системи;Акустические системы;
;757;Навушники;Наушники;
;757;Радіоприймачі;Радиоприемники;
;757;Портативна акустика;Портативная акустика;
;757;Підсилювачі / ресивери;Усилители / ресиверы;
;757;Cd / md / вінілові програвачі;Cd / md / виниловые проигрыватели;
;757;Інша аудіотехніка;Прочая аудиотехника;
768;723;Ігри та ігрові приставки;Игры и игровые приставки;
;768;Ігри для приставок;Игры для приставок;
;768;Приставки;Приставки;
;768;Ігри для PC;Игры для PC;
;768;Аксесуари;Аксессуары;
;768;Герої ігор;Герои игр;
;768;Планшети / ел. книги та аксесуари;Планшеты / эл. книги и аксессуары;
;768;Планшетні комп'ютери;Планшетные компьютеры;
;768;Електронні книги;Электронные книги;
;768;Графічні планшети;Графические планшеты;
;768;Запчастини для планшетів / ел. книг;Запчасти для планшетов / эл. книг;
;768;Аксесуари для планшетів / ел. книг;Аксессуары для планшетов / эл. книг;
780;723;Ноутбуки та аксесуари;Ноутбуки и аксессуары;
;780;Ноутбуки;Ноутбуки;
;780;Запчастини для ноутбуків;Запчасти для ноутбуков;
;780;Аксесуари для ноутбуків;Аксессуары для ноутбуков;
784;723;Техніка для дому;Техника для дома;
;784;Пилососи;Пылесосы;
;784;Праски;Утюги;
;784;Пральні машини;Стиральные машины;
;784;Швейні машини та оверлоки;Швейные машины и оверлоки;
;784;В'язальні машини;Вязальные машины;
;784;Фільтри для води;Фильтры для воды;
;784;Зарядні станції;Зарядные станции;
;784;Перетворювачі напруги;Преобразователи напряжения;
;784;Безперебійники живлення;Бесперебойники питания;
;784;Інша техніка для дому;Прочая техника для дома;
795;723;Техніка для кухні;Техника для кухни;
;795;Мікрохвильові печі;Микроволновые печи;
;795;Холодильники;Холодильники;
;795;Плити / печі;Плиты / печи;
;795;Електрочайники;Электрочайники;
;795;Кавоварки / кавомолки;Кофеварки / кофемолки;
;795;Кухонні комбайни та подрібнювачі;Кухонные комбайны / измельчители;
;795;Пароварки, мультиварки;Пароварки / мультиварки;
;795;Хлібопічки;Хлебопечки;
;795;Посудомийні машини;Посудомоечные машины;
;795;Витяжки;Вытяжки;
;795;Інша техніка для кухні;Прочая техника для кухни;
807;723;Кліматичне обладнання;Климатическое оборудование;
808;723;Індивідуальний догляд;Индивидуальный уход;
;808;Бритви, епілятори, машинки для стрижки;Бритвы, эпиляторы, машинки для стрижки;
;808;Фени, укладка волосся;Фены, укладка волос;
;808;Ваги;Весы;
;808;Інша техніка для індивідуального догляду;Прочая техника для индивидуального ухода;
813;723;Аксесуари й комплектуючі;Аксессуары и комплектующие;
814;723;Інша електроніка;Прочая электроника;
815;;Бізнес та послуги;Бизнес и услуги;
816;815;Авто / мото послуги;Авто / мото услуги;
817;815;Краса / здоров'я;Красота / здоровье;
;817;Перукарські послуги;Парикмахерские услуги;
;817;Манікюр, педикюр, нарощування;Маникюр, педикюр, наращивание;
;817;Вії та брови;Ресницы и брови;
;817;Медичні послуги;Медицинские услуги;
;817;Масаж;Массаж;
;817;Послуги психолога;Услуги психолога;
;817;Тату, татуаж, пірсинг;Тату, татуаж, пирсинг;
;817;Візаж та макіяж;Визаж и макияж;
;817;Косметологічні послуги;Косметологические услуги;
;817;Видалення волосся;Удаление волос;
;817;Моделі для б'юті-послуг;Модели для бьюти-услуг;
;817;Лазні, сауни та СПА;Бани, сауны и СПА;
;817;Інші б'юті-послуги;Другие бьюти-услуги;
831;815;Догляд за дітьми та літніми людьми;Уход за детьми и пожилыми;
;831;Няня;Няня;
;831;Доглядальниця;Сиделка;
834;815;Побутові послуги;Бытовые услуги;
;834;Хімчистка та прання;Химчистка и стирка;
;834;Пошиття та ремонт одягу;Пошив и ремонт одежды;
;834;Ремонт взуття та сумок;Ремонт обуви и сумок;
;834;Дезінфекція та дезінсекція;Дезинфекция и дезинсекция;
;834;Аварійне відкриття замків;Аварийное вскрытие замков;
;834;Виготовлення ключів;Изготовление ключей;
;834;Послуги домробітниці;Услуги домработницы;
;834;Послуги асенізатора;Услуги ассенизатора;
;834;Вивезення сміття;Вывоз мусора;
;834;Послуги садівника, догляд за територією;Услуги садовника, уход за территорией;
;834;Інші побутові послуги;Другие бытовые услуги;
846;815;Клінінг;Клининг;
847;815;Послуги освіти та спорту;Услуги образования и спорта;
;847;Автоінструктори;Автоинструкторы;
;847;Дитячий розвиток, логопеди;Детское развитие, логопеды;
;847;Репетитори;Репетиторы;
;847;Курси та тренінги;Курсы и тренинги;
;847;Викладачі музики та вокалу;Преподаватели музыки и вокала;
;847;Спорт і танці;Спорт и танцы;
;847;Інші послуги освіти;Другие услуги образования;
855;815;Перевезення та послуги спецтехніки;Перевозки и услуги спецтехники;
;855;Вантажоперевезення;Грузоперевозки;
;855;Пасажирські перевезення;Пассажирские перевозки;
;855;Послуги маніпулятора;Услуги манипулятора;
;855;Послуги евакуатора, автовозу;Услуги эвакуатора, автовоза;
;855;Послуги вантажників;Услуги грузчиков;
;855;Послуги водіїв;Услуги водителей;
;855;Інші транспортні послуги;Другие транспортные услуги;
863;815;Фото та відеозйомка;Фото и видеосъемка;
;863;Фотозйомка та ретуш фото;Фотосъемка и ретушь фото;
;863;Оцифрування та реставрація;Оцифровка и реставрация;
;863;Відеозйомка та монтаж відео;Видеосъёмка и монтаж видео;
;863;Інші фото та відео послуги;Другие фото и видео услуги;
868;815;Організація свят;Организация праздников;
;868;Аніматори та ростові ляльки;Аниматоры и ростовые куклы;
;868;Кейтеринг, кухарі;Кейтеринг, повары;
;868;Ведучі, музиканти, тамада;Ведущие, музыканты, тамада;
;868;Оформлення кульками;Оформление шарами;
;868;Десерти та випічка на замовлення;Десерты и выпечка на заказ;
;868;Інші послуги для свят;Другие услуги для праздников;
875;815;Ремонт та обслуговування техніки;Ремонт и обслуживание техники;
;875;Телефони і смартфони;Телефоны и смартфоны;
;875;Комп'ютерна техніка;Компьютерная техника;
;875;Побутова техніка;Бытовая техника;
;875;Фото і відеоапаратура;Фото и видеоаппаратура;
;875;Тв і відеотехніка;Тв и видеотехника;
;875;Аудіотехніка;Аудиотехника;
;875;Кліматична техніка;Климатическая техника;
;875;Ігрові приставки;Игровые приставки;
;875;Оргтехніка, заправка картриджів;Оргтехника, заправка картриджей;
;875;Електротранспорт;Электротранспорт;
;875;Електро та бензоінструмент;Электро и бензоинструмент;
;875;Інша техніка;Прочая техника;
888;815;Будівництво та ремонт;Строительство и ремонт;
;888;Будівництво під ключ;Строительство под ключ;
;888;Ремонт під ключ;Ремонт под ключ;
;888;Проєктування та дизайн;Проектирование и дизайн;
;888;Будівельні послуги;Cтроительные услуги;
;888;Сантехніка та комунікації;Сантехника и коммуникации;
;888;Оздоблення, ремонт;Отделка, ремонт;
;888;Електромонтажні послуги;Электромонтажные услуги;
;888;Встановлення та ремонт систем безпеки;Установка и ремонт систем безопасности;
;888;Вентиляція та кондиціонування;Вентиляция и кондиционирование;
;888;Монтаж вікон, дверей, балконів;Монтаж окон, дверей, балконов;
;888;Зварювальні роботи;Сварочные работы;
;888;Демонтажні роботи;Демонтажные работы;
;888;Готові конструкції;Готовые конструкции;
;888;Ландшафтні та земляні роботи;Ландшафтные и земляные работы;
;888;Буріння свердловин;Бурение скважин;
;888;Інші послуги з будівництва;Другие строительные услуги;
905;815;Сировина / матеріали;Сырьё / материалы;
;905;Паливо;Топливо;
;905;Дрова, вугілля, пелети;Дрова, уголь, пеллеты;
;905;Текстильні матеріали;Текстильные материалы;
;905;Гума, пластик, полімери;Резина, пластик, полимеры;
;905;Інша сировина;Другие материалы;
;905;Прийом вторсировини;Прием вторсырья;
;905;Туризм / іміграція;Туризм / иммиграция;
;905;Тури та екскурсії;Туры и экскурсии;
;905;Оформлення віз;Оформление виз;
;905;Інші послуги туризму;Другие услуги туризма;
916;815;Ділові послуги;Деловые услуги;
;916;Бухгалтерські послуги;Бухгалтерские услуги;
;916;Створення сайтів;Создание сайтов;
;916;Юридичні послуги;Юридические услуги;
;916;Поліграфія, реклама, друк;Полиграфия, реклама, печать;
;916;Фінансові послуги, партнерство;Финансовые услуги, партнерство;
;916;Маркетингові послуги;Маркетинговые услуги;
;916;Послуги перекладачів, набір тексту;Услуги переводчиков, набор текста;
;916;Інші ділові послуги;Другие деловые услуги;
925;815;Продаж бізнесу;Продажа бизнеса;
;925;Магазини;Магазины;
;925;Акаунти в соц мережах;Аккаунты в соц сетях;
;925;Підприємства, компанії;Предприятия, компании;
;925;Кафе, ресторани, кав'ярні;Кафе, рестораны, кофейни;
;925;Франшизи;Франшизы;
;925;Інтернет-магазини;Интернет-магазины;
;925;Інші види бізнесу;Другие виды бизнеса;
933;815;Продаж обладнання для бізнесу;Продажа оборудования для бизнеса;
;933;Торгово-виставкове обладнання;Торгово-выставочное оборудование;
;933;Холодильне обладнання;Холодильное оборудование;
;933;Розрахунково-касове обладнання;Расчётно-кассовое оборудование;
;933;Промислове обладнання;Промышленное оборудование;
;933;Обладнання для ресторанів і кафе;Оборудование для ресторанов и кафе;
;933;Лабораторне обладнання;Лабораторное оборудование;
;933;Медичне обладнання;Медицинское оборудование;
;933;Обладнання для салонів краси;Оборудование для салонов красоты;
;933;Інше обладнання;Другое оборудование;
943;815;Послуги для тварин;Услуги для животных;
;943;Дресирування, кінологи, вигул;Дрессировка, кинологи, выгул;
;943;Грумінг, стрижки, салони;Груминг, стрижки, салоны;
;943;Перетримка тварин і готелі;Передержка животных и гостиницы;
;943;Ветеринарна допомога;Ветеринарная помощь;
;943;Інші послуги для тварин;Другие услуги для животных;
949;815;Ритуальні послуги;Ритуальные услуги;
;949;Виготовлення пам'ятників;Изготовление памятников;
;949;Інші ритуальні послуги;Другие ритуальные услуги;
952;815;Інші послуги;Прочие услуги;
953;;Оренда та прокат;Аренда и прокат;
954;953;Оренда транспорту та спецтехніки;Аренда транспорта и спецтехники;
;954;Авто;Авто;
;954;Автобус, мікроавтобус;Автобус, микроавтобус;
;954;Причеп;Прицеп;
;954;Фура, трал, довгомір;Фура, трал, длинномер;
;954;Самоскид, зерновоз;Самосвал, зерновоз;
;954;Навантажувач;Погрузчик;
;954;Кран;Кран;
;954;Автовишка;Автовышка;
;954;Екскаватор, бульдозер;Экскаватор, бульдозер;
;954;Трактор, комбайн;Трактор, комбайн;
;954;Інший транспорт;Другой транспорт;
966;953;Прокат велосипедів і мото;Прокат велосипедов и мото;
967;953;Оренда обладнання;Аренда оборудования;
;967;Оренда генераторів;Аренда генераторов;
;967;Оренда опалубки;Аренда опалубки;
;967;Оренда риштувань;Аренда лесов;
;967;Оренда бетонозмішувачів та віброплит;Аренда бетономешалок, виброплит;
;967;Оренда біотуалетів і побутівок;Аренда биотуалетов и бытовок;
;967;Інше обладнання;Другое оборудование;
974;953;Прокат інструментів;Прокат инструментов;
975;953;Прокат товарів мед призначення;Прокат товаров мед назначения;
976;953;Прокат техніки та електроніки;Прокат техники и электроники;
977;953;Прокат товарів для заходів;Прокат товаров для мероприятий;
978;953;Прокат спорт і туристичних товарів;Прокат спорт и туристических товаров;
979;953;Прокат одягу та аксесуарів;Прокат одежды и аксессуаров;
980;953;Прокат дитячого одягу та товарів;Прокат детской одежды и товаров;
981;953;Інші товари на прокат;Другие товары на прокат;
982;;Мода і стиль;Мода и стиль;
983;982;Жіночий одяг;Женская одежда;
;983;Боді;Боди;
;983;Майки та футболки;Майки и футболки;
;983;Блузи і сорочки;Блузы и рубашки;
;983;Светри, кардигани, худі;Свитеры, кардиганы, худи;
;983;Плаття;Платья;
;983;Спідниці;Юбки;
;983;Верхній одяг;Верхняя одежда;
;983;Джинси;Джинсы;
;983;Шорти;Шорты;
;983;Брюки;Брюки;
;983;Комбінезони;Комбинезоны;
;983;Костюми;Костюмы;
;983;Жіночі піджаки та жакети;Женские пиджаки и жакеты;
;983;Домашній одяг та одяг для сну;Домашняя одежда и одежда для сна;
;983;Спортивний одяг;Спортивная одежда;
;983;Вишиванки;Вышиванки;
;983;Інший жіночий одяг;Другая женская одежда;
1001;982;Жіноче взуття;Женская обувь;
;1001;Черевики та напівчеревики;Ботинки и полуботинки;
;1001;Туфлі;Туфли;
;1001;Чоботи, напівчоботи;Сапоги, полусапожки;
;1001;Уггі;Угги;
;1001;Мокасини та сліпони;Мокасины и слипоны;
;1001;Кросівки;Кроссовки;
;1001;Кеди;Кеды;
;1001;Домашні капці;Домашние тапочки;
;1001;Ортопедичне взуття;Ортопедическая обувь;
;1001;Спортивне взуття;Спортивная обувь;
;1001;Босоніжки, сандалі, в'єтнамки;Босоножки, сандали, вьетнамки;
;1001;Інше жіноче взуття;Другая женская обувь;
1014;982;Чоловічий одяг;Мужская одежда;
;1014;Футболки та майки;Футболки и майки;
;1014;Сорочки і теніски;Рубашки и тенниски;
;1014;Кофти й светри;Кофты и свитеры;
;1014;Верхній одяг;Верхняя одежда;
;1014;Шорти;Шорты;
;1014;Джинси;Джинсы;
;1014;Штани;Брюки;
;1014;Костюми та піджаки;Костюмы и пиджаки;
;1014;Комбінезони;Комбинезоны;
;1014;Одяг для дому та сну;Одежда для дома и сна;
;1014;Спортивний одяг;Спортивная одежда;
;1014;Інший чоловічий одяг;Другая мужская одежда;
1027;982;Чоловіче взуття;Мужская обувь;
;1027;Кросівки;Кроссовки;
;1027;Кеди;Кеды;
;1027;Черевики;Ботинки;
;1027;Сандалі і шльопанці;Сандали и шлепанцы;
;1027;Чоботи;Сапоги;
;1027;Домашні капці;Домашние тапочки;
;1027;Мокасини та сліпони;Мокасины и слипоны;
;1027;Ортопедичне взуття;Ортопедическая обувь;
;1027;Туфлі;Туфли;
;1027;Інше чоловіче взуття;Другая мужская обувь;
1038;982;Жіноча білизна та купальники;Женское белье и купальники;
;1038;Пляжні сукні та туніки;Пляжные платья и туники;
;1038;Парео, накидки;Парео, накидки;
;1038;Пляжні шорти;Пляжные шорты;
;1038;Купальники;Купальники;
;1038;Труси;Трусы;
;1038;Бюстгалтери;Бюстгальтеры;
;1038;Комплекти спідньої білизни;Комплекты нижнего белья;
;1038;Корегуюча білизна;Корректирующее белье;
;1038;Термобілизна;Термобелье;
;1038;Еротична білизна;Эротическое белье;
;1038;Корсети;Корсеты;
;1038;Комбінації;Комбинации;
;1038;Топи бюстьє;Топы бюстье;
;1038;Пояси і підв'язки для панчох;Пояса и подвязки для чулок;
;1038;Комбідреси;Комбидрессы;
;1038;Панчохи / шкарпетки / колготки;Чулки / носки / колготки;
;1038;Інша жіноча білизна;Другое женское белье;
1056;982;Чоловіча білизна та плавки;Мужское белье и плавки;
;1056;Труси;Трусы;
;1056;Термобілизна;Термобелье;
;1056;Шкарпетки;Носки;
;1056;Плавки;Плавки;
;1056;Інша чоловіча білизна;Другое мужское белье;
1062;982;Головні убори;Головные уборы;
;1062;Бейсболки та кепки;Бейсболки и кепки;
;1062;Балаклави;Балаклавы;
;1062;Комплекти;Комплекты;
;1062;Панами;Панамы;
;1062;Капелюхи;Шляпы;
;1062;Шапки;Шапки;
;1062;Берети;Береты;
;1062;Бандани, бафи;Банданы, баффы;
;1062;Пов'язки та хутряні навушники;Повязки и теплые наушники;
;1062;Інші головні убори;Другие головные уборы;
1073;982;Для весілля;Для свадьбы;
;1073;Весільні сукні;Свадебные платья;
;1073;Весільні костюми;Свадебные костюмы;
;1073;Сукні для подружок нареченої;Платье подружки невесты;
;1073;Весільне взуття;Свадебная обувь;
;1073;Весільні аксесуари для нареченої;Свадебные аксессуары для невесты;
;1073;Весільна білизна;Свадебное белье;
;1073;Весільні аксесуари (декор);Свадебные аксессуары (декор);
;1073;Інше;Другое;
1082;982;Наручні годинники;Наручные часы;
1083;982;Аксесуари;Аксессуары;
;1083;Ювелірні вироби;Ювелирные изделия;
;1083;Сумки;Сумки;
;1083;Біжутерія;Бижутерия;
;1083;Скриньки для прикрас;Шкатулки для украшений;
;1083;Рюкзаки міські та спортивні;Рюкзаки городские и спортивные;
;1083;Гаманці, косметички, візитниці;Кошельки, косметички, визитницы;
;1083;Парасолі;Зонты;
;1083;Аксесуари для волосся;Аксессуары для волос;
;1083;Ремені та пояси;Ремни и пояса;
;1083;Шарфи і рукавички;Шарфы и перчатки;
;1083;Окуляри;Очки;
;1083;Краватки і метелики;Галстуки и бабочки;
;1083;Аксесуари для взуття;Аксессуары для обуви;
;1083;Ремінці та браслети для годинника;Ремешки и браслеты для часов;
;1083;Інші аксесуари;Другие аксессуары;
;1083;Маски для сну;Маски для сна;
1100;982;Одяг для вагітних;Одежда для беременных;
;1100;Футболки та майки для вагітних та годуючих;Футболки и майки для беременных и кормящих;
;1100;Блузки та туніки для вагітних та годуючих;Блузки и туники для беременных и кормящих;
;1100;Плаття для вагітних та годуючих;Платья для беременных и кормящих;
;1100;Спідниці для вагітних;Юбки для беременных;
;1100;Купальники для вагітних;Купальники для беременных;
;1100;Нижня білизна для вагітних та годуючих;Нижнее белье для беременных и кормящих;
;1100;Шорти для вагітних;Шорты для беременных;
;1100;Комбінезони для вагітних та годуючих;Комбинезоны для беременных и кормящих;
;1100;Штани і легінси для вагітних;Штаны и леггинсы для беременных;
;1100;Джинси для вагітних;Джинсы для беременных;
;1100;Колготки для вагітних;Колготки для беременных;
;1100;Верхній одяг для вагітних;Верхняя одежда для беременных;
;1100;Одяг для сну і дому для вагітних та годуючих;Одежда для сна и дома для беременных и кормящих;
;1100;Светри і толстовки для вагітних та годуючих;Свитеры и толстовки для беременных и кормящих;
;1100;Костюми для вагітних та годуючих;Костюмы для беременных и кормящих;
;1100;Сарафани для вагітних та годуючих;Сарафаны для беременных и кормящих;
;1100;Пояси для вагітних та годуючих;Пояса для беременных и кормящих;
;1100;Інший одяг для вагітних;Другая одежда для беременных;
1119;982;Краса / здоров'я;Красота / здоровье;
;1119;Парфумерія;Парфюмерия;
;1119;Обладнання перукарень / салонів краси;Оборудование парикмахерских / салонов красоты;
;1119;Товари для інвалідів;Товары для инвалидов;
;1119;Догляд за обличчям;Уход за лицом;
;1119;Макіяж / декоративна косметика;Макияж / Декоративная косметика;
;1119;Косметика для волосся;Косметика для волос;
;1119;Фарбування;Окрашивание;
;1119;Косметика для тіла;Косметика для тела;
;1119;Для ротової порожнини;Для полости рта;
;1119;Для нігтів;Для ногтей;
;1119;Для гоління;Для бритья;
;1119;Гігієнічні засоби;Гигиенические средства;
;1119;Ортопедичні товари;Ортопедические товары;
;1119;Медичне приладдя;Медицинские принадлежности;
;1119;Косметичні інструменти та аксесуари;Косметические инструменты и аксессуары;
;1119;Інші товари для краси і здоров'я;Прочие товары для красоты и здоровья;
1136;982;Подарунки;Подарки;
;1136;Подарунки для чоловіків;Подарки для мужчин;
;1136;Подарунки для жінок;Подарки для женщин;
;1136;Подарунки для дітей;Подарки для детей;
;1136;Подарунки на день народження;Подарки на день рождения;
;1136;Подарунки на весілля;Подарки на свадьбу;
;1136;Подарунки на 8 березня;Подарки на 8 марта;
;1136;Подарунки на Новий рік;Подарки на Новый год;
;1136;Подарунки колегам;Подарки коллегам;
;1136;Смачні подарунки;Вкусные подарки;
;1136;Подарункові коробки та пакування;Подарочные коробки и упаковки;
;1136;Подарунки ручної роботи;Подарки ручной работы;
;1136;Листівки та конверти;Открытки и конверты;
;1136;Букети;Букеты;
;1136;Повітряні кульки та композиції з них;Воздушные шары и композиции из них;
;1136;Інші подарунки;Другие подарки;
1152;982;Спецодяг, спецвзуття та аксесуари;Спецодежда, спецобувь и аксессуары;
;1152;Робочий спецодяг;Рабочая спецодежда;
;1152;Медичний одяг;Медицинская одежда;
;1152;Світловідбиваючі жилети;Светоотражающие жилеты;
;1152;Одноразовий одяг;Одноразовая одежда;
;1152;Дощовики;Дождевики;
;1152;Засоби захисту органів дихання;Средства защиты органов дыхания;
;1152;Робоче взуття;Рабочая обувь;
;1152;Інше;Другое;
1161;982;Мода різне;Мода разное;
1162;;Хобі, відпочинок і спорт;Хобби, отдых и спорт;
1163;1162;Антикваріат / колекції;Антиквариат / коллекции;
;1163;Антикварні меблі;Антикварная мебель;
;1163;Букіністика;Букинистика;
;1163;Живопис;Живопись;
;1163;Предмети мистецтва;Предметы искусства;
;1163;Колекціонування;Коллекционирование;
;1163;Витвори майстрів / рукоділля;Поделки / рукоделие;
1170;1162;Музичні інструменти;Музыкальные инструменты;
;1170;Акустичні гітари;Акустические гитары;
;1170;Бас-гітари;Бас-гитары;
;1170;Піаніно / фортепіано / роялі;Пианино / фортепиано / рояли;
;1170;Електрогітари;Электрогитары;
;1170;Духові інструменти;Духовые инструменты;
;1170;Комбопідсилювачі;Комбоусилители;
;1170;Синтезатори;Синтезаторы;
;1170;Ударні інструменти;Ударные инструменты;
;1170;Студійне обладнання;Студийное оборудование;
;1170;Аксесуари для музичних інструментів;Аксессуары для музыкальных инструментов;
;1170;Інше;Прочее;
1182;1162;Спорт / відпочинок;Спорт / отдых;
;1182;Лижі / сноуборди;Лыжи / сноуборды;
;1182;Ковзани;Коньки;
;1182;Роликові ковзани;Роликовые коньки;
;1182;Атлетика / фітнес;Атлетика / фитнес;
;1182;Туризм;Туризм;
;1182;Полювання / риболовля;Охота / рыбалка;
;1182;Ігри з ракеткою;Игры с ракеткой;
;1182;Водні види спорту;Водные виды спорта;
;1182;Футбол;Футбол;
;1182;Хокей;Хоккей;
;1182;Єдиноборства / бокс;Единоборства / бокс;
;1182;Настільні ігри;Настольные игры;
;1182;Інші види спорту;Прочие виды спорта;
1196;1162;Вело;Вело;
;1196;Велосипеди;Велосипеды;
;1196;Велозахист;Велозащита;
;1196;Велоаксесуари;Велоаксессуары;
;1196;Велозапчастини;Велозапчасти;
;1196;Електровелосипеди;Электровелосипеды;
1202;1162;Мілітарія;Милитария;
;1202;Військовий одяг;Военная одежда;
;1202;Військове взуття;Военная обувь;
;1202;Рюкзаки та сумки;Рюкзаки и сумки;
;1202;Розвантажувальні системи;Разгрузочные системы;
;1202;Підсумки;Подсумки;
;1202;Спорядження;Снаряжение;
;1202;Збройові аксесуари;Оружейные аксессуары;
;1202;Медицина;Медицина;
;1202;Захист;Защита;
1212;1162;Квадрокоптери та аксесуари;Квадрокоптеры и аксессуары;
;1212;Квадрокоптери;Квадрокоптеры;
;1212;Аксесуари для квадрокоптерів;Аксессуары для квадрокоптеров;
1215;1162;Книги / журнали;Книги / журналы;
1216;1162;CD / DVD / Платівки;CD / DVD / пластинки / кассеты;
1217;1162;Квитки;Билеты;
1218;1162;Пошук попутників;Поиск попутчиков;
1219;1162;Пошук гуртів / музикантів;Поиск групп / музыкантов;
1220;1162;Інше;Другое;
1221;;Віддам безкоштовно;Отдам даром;
1222;;Обмін;Обмен;
